,file,age,age_range,predicted_range,face_detection_time,age_detection_time,total_detection_time
1,042/2113.png,42,(38-43),(38-43),15.34479308,0.043684959,15.38847804
2,065/8544.png,65,(60-100),(8-12),17.23280215,0.014986038,17.24778819
3,028/5002.png,28,(25-32),(4-6),13.06836748,0.01353097,13.08189845
4,080/5404.png,80,(60-100),(25-32),12.64577961,0.01347518,12.65925479
5,020/3845.png,20,(15-20),(25-32),12.62734032,0.014079094,12.64141941
6,010/9276.png,10,(8-12),(4-6),12.7154007,0.016847372,12.73224807
7,027/5705.png,27,(25-32),(38-43),13.10484266,0.015080214,13.11992288
8,071/6105.png,71,(60-100),(4-6),12.86326408,0.017010689,12.88027477
9,001/8710.png,1,(0-2),(0-2),16.40533161,0.017989874,16.42332149
10,075/6736.png,75,(60-100),(0-2),16.38060522,0.014970303,16.39557552
11,002/6749.png,2,(0-2),(4-6),14.11086917,0.015028,14.12589717
12,001/7435.png,1,(0-2),(0-2),14.09727597,0.014189482,14.11146545
13,002/3221.png,2,(0-2),(0-2),13.93421102,0.014447927,13.94865894
14,018/2572.png,18,(15-20),(8-12),13.69211626,0.011850834,13.70396709
15,028/382.png,28,(25-32),(25-32),13.63373494,0.016923904,13.65065885
16,010/4239.png,10,(8-12),(0-2),14.30761766,0.014503717,14.32212138
17,049/4737.png,49,(48-53),(25-32),15.71202755,0.018550634,15.73057818
18,020/3628.png,20,(15-20),(4-6),16.05985332,0.01400733,16.07386065
19,070/2180.png,70,(60-100),(38-43),16.57812285,0.012711525,16.59083438
20,012/9113.png,12,(8-12),(25-32),14.71647334,0.013841629,14.73031497
21,009/4458.png,9,(8-12),(4-6),14.78098798,0.012514353,14.79350233
22,052/5201.png,52,(48-53),(25-32),14.40473294,0.018008709,14.42274165
23,039/3137.png,39,(38-43),(25-32),14.81159949,0.018006086,14.82960558
24,052/9187.png,52,(48-53),(48-53),15.09238911,0.015877724,15.10826683
25,011/1666.png,11,(8-12),(8-12),14.8523767,0.012511253,14.86488795
26,001/5397.png,1,(0-2),(0-2),13.81829119,0.013510704,13.83180189
27,015/4528.png,15,(15-20),(25-32),14.88522816,0.012648821,14.89787698
28,002/6425.png,2,(0-2),(0-2),13.52372837,0.012840986,13.53656936
29,005/7107.png,5,(4-6),(4-6),13.95072746,0.017312288,13.96803975
30,011/7414.png,11,(8-12),(4-6),13.57982445,0.012511492,13.59233594
31,016/1582.png,16,(15-20),(25-32),13.28722167,0.013062239,13.30028391
32,016/4559.png,16,(15-20),(15-20),13.64925814,0.015476704,13.66473484
33,001/8422.png,1,(0-2),(4-6),14.86045074,0.024025202,14.88447595
34,006/9704.png,6,(4-6),(8-12),14.28068542,0.016005993,14.29669142
35,068/4065.png,68,(60-100),(38-43),13.77035952,0.014097691,13.78445721
36,011/1064.png,11,(8-12),(25-32),13.51450396,0.014014244,13.5285182
37,030/9091.png,30,(25-32),(4-6),14.21714306,0.016690254,14.23383331
38,075/1873.png,75,(60-100),(38-43),13.76873207,0.013523579,13.78225565
39,006/8233.png,6,(4-6),(4-6),13.76083541,0.03710866,13.79794407
40,001/9739.png,1,(0-2),(0-2),13.65173316,0.013550282,13.66528344
41,078/6938.png,78,(60-100),(38-43),13.4403522,0.015006542,13.45535874
42,002/8715.png,2,(0-2),(0-2),12.83935046,0.014008522,12.85335898
43,049/9687.png,49,(48-53),(25-32),14.08892989,0.013504267,14.10243416
44,012/5954.png,12,(8-12),(4-6),13.3546288,0.013145208,13.36777401
45,090/7521.png,90,(60-100),(38-43),12.9852891,0.013502598,12.99879169
46,025/686.png,25,(25-32),(25-32),13.36603355,0.014047146,13.3800807
47,029/4702.png,29,(25-32),(0-2),13.6918385,0.016015053,13.70785356
48,001/4561.png,1,(0-2),(0-2),13.78443861,0.014019728,13.79845834
49,001/7787.png,1,(0-2),(4-6),12.99197054,0.021030426,13.01300097
50,071/1009.png,71,(60-100),(25-32),13.558779,0.014047146,13.57282615
51,004/370.png,4,(4-6),(0-2),13.8722868,0.016026974,13.88831377
52,012/5899.png,12,(8-12),(0-2),13.59288454,0.01601553,13.60890007
53,040/5451.png,40,(38-43),(38-43),13.97925901,0.012283802,13.99154282
54,008/2446.png,8,(8-12),(4-6),13.7168591,0.013540983,13.73040009
55,002/5578.png,2,(0-2),(4-6),13.48116255,0.016494036,13.49765658
56,065/8645.png,65,(60-100),(38-43),13.91504073,0.015587807,13.93062854
57,002/2387.png,2,(0-2),(4-6),13.80297518,0.013577938,13.81655312
58,010/3243.png,10,(8-12),(4-6),13.28748417,0.013578892,13.30106306
59,063/3951.png,63,(60-100),(25-32),13.16571951,0.013503551,13.17922306
60,049/9504.png,49,(48-53),(25-32),13.83500457,0.012993813,13.84799838
61,052/2344.png,52,(48-53),(25-32),13.57858944,0.013480902,13.59207034
62,001/4647.png,1,(0-2),(4-6),14.40341449,0.01450181,14.4179163
63,008/7832.png,8,(8-12),(0-2),13.77399373,0.01302743,13.78702116
64,070/2843.png,70,(60-100),(25-32),14.04446793,0.014473915,14.05894184
65,026/1539.png,26,(25-32),(25-32),14.15295196,0.014477015,14.16742897
66,029/7788.png,29,(25-32),(48-53),14.29943347,0.016551495,14.31598496
67,090/203.png,90,(60-100),(4-6),13.53651357,0.015026331,13.5515399
68,087/284.png,87,(60-100),(4-6),13.48948383,0.01269412,13.50217795
69,048/1238.png,48,(48-53),(25-32),14.30481672,0.013485909,14.31830263
70,015/3075.png,15,(15-20),(8-12),14.05509162,0.013506413,14.06859803
71,053/3340.png,53,(48-53),(38-43),14.1206665,0.014987946,14.13565445
72,080/4392.png,80,(60-100),(25-32),14.20817494,0.017142057,14.225317
73,020/9594.png,20,(15-20),(0-2),13.5047667,0.014496326,13.51926303
74,009/2777.png,9,(8-12),(4-6),13.48221302,0.013577223,13.49579024
75,072/9543.png,72,(60-100),(38-43),13.50113511,0.013546705,13.51468182
76,016/3395.png,16,(15-20),(4-6),13.66452742,0.017012835,13.68154025
77,012/1376.png,12,(8-12),(8-12),13.25154996,0.012508154,13.26405811
78,002/3621.png,2,(0-2),(4-6),13.51431942,0.016391277,13.5307107
79,049/7224.png,49,(48-53),(25-32),14.23810744,0.020011425,14.25811887
80,075/8890.png,75,(60-100),(8-12),17.47923326,0.014068127,17.49330139
81,060/6016.png,60,(60-100),(25-32),13.52815032,0.013012648,13.54116297
82,075/8193.png,75,(60-100),(0-2),13.99917483,0.013582468,14.0127573
83,066/159.png,66,(60-100),(25-32),13.21010137,0.013705492,13.22380686
84,002/6868.png,2,(0-2),(4-6),13.86500716,0.0151546,13.88016176
85,063/8434.png,63,(60-100),(8-12),13.96690559,0.013165236,13.98007083
86,043/5829.png,43,(38-43),(25-32),13.86050916,0.012701988,13.87321115
87,002/4416.png,2,(0-2),(0-2),12.9701848,0.011486292,12.98167109
88,006/5653.png,6,(4-6),(25-32),13.45989156,0.01450634,13.4743979
89,005/1705.png,5,(4-6),(4-6),13.65967298,0.013480663,13.67315364
90,026/2669.png,26,(25-32),(38-43),13.71881604,0.012506247,13.73132229
91,001/169.png,1,(0-2),(0-2),13.52424932,0.015009642,13.53925896
92,018/7067.png,18,(15-20),(15-20),13.47892308,0.012505531,13.49142861
93,012/9298.png,12,(8-12),(4-6),14.02955174,0.013485193,14.04303694
94,039/4256.png,39,(38-43),(25-32),13.32800651,0.013501406,13.34150791
95,027/6382.png,27,(25-32),(25-32),13.13309026,0.013480663,13.14657092
96,065/2403.png,65,(60-100),(25-32),13.13342786,0.013530731,13.14695859
97,069/783.png,69,(60-100),(25-32),13.86434817,0.014031887,13.87838006
98,030/1910.png,30,(25-32),(4-6),14.53674173,0.012549877,14.54929161
99,026/2249.png,26,(25-32),(4-6),13.42694569,0.014784813,13.4417305
100,002/7714.png,2,(0-2),(0-2),13.29705548,0.014028788,13.31108427
101,002/9075.png,2,(0-2),(0-2),13.50417113,0.01502037,13.5191915
102,001/7729.png,1,(0-2),(0-2),13.93155074,0.014498234,13.94604897
103,027/6827.png,27,(25-32),(25-32),14.07090759,0.014507771,14.08541536
104,001/851.png,1,(0-2),(0-2),13.48434806,0.014496326,13.49884439
105,073/5926.png,73,(60-100),(48-53),14.82465339,0.01498723,14.83964062
106,041/7853.png,41,(38-43),(25-32),14.63177299,0.016024351,14.64779735
107,051/8563.png,51,(48-53),(38-43),14.15451002,0.014115334,14.16862535
108,002/5888.png,2,(0-2),(0-2),13.73520851,0.014022589,13.7492311
109,005/1777.png,5,(4-6),(4-6),13.91634536,0.016036272,13.93238163
110,017/5574.png,17,(15-20),(25-32),13.45643067,0.013479471,13.46991014
111,077/5421.png,77,(60-100),(4-6),14.00595045,0.014048815,14.01999927
112,038/4715.png,38,(38-43),(0-2),14.25047612,0.01401639,14.26449251
113,008/8080.png,8,(8-12),(4-6),14.28146482,0.013050079,14.29451489
114,063/5686.png,63,(60-100),(38-43),15.90335679,0.014020205,15.917377
115,011/5008.png,11,(8-12),(15-20),14.61220622,0.01347971,14.62568593
116,004/5748.png,4,(4-6),(0-2),15.69361472,0.018015146,15.71162987
117,043/2998.png,43,(38-43),(25-32),16.17690611,0.015053749,16.19195986
118,004/7023.png,4,(4-6),(15-20),15.23303652,0.015022516,15.24805903
119,001/2158.png,1,(0-2),(0-2),16.77718902,0.014569998,16.79175901
120,052/4426.png,52,(48-53),(8-12),14.92556024,0.014019728,14.93957996
121,020/2999.png,20,(15-20),(25-32),16.35136628,0.013990164,16.36535645
122,020/8625.png,20,(15-20),(4-6),16.08569312,0.018220901,16.10391402
123,027/6920.png,27,(25-32),(4-6),16.32830834,0.01544857,16.34375691
124,025/3101.png,25,(25-32),(25-32),15.26037407,0.015364408,15.27573848
125,027/8522.png,27,(25-32),(25-32),15.68001509,0.015011549,15.69502664
126,016/7577.png,16,(15-20),(8-12),18.07910299,0.013584375,18.09268737
127,001/8747.png,1,(0-2),(0-2),16.44791698,0.014894724,16.46281171
128,015/876.png,15,(15-20),(4-6),15.28554988,0.015005589,15.30055547
129,027/6952.png,27,(25-32),(15-20),15.32455015,0.014549971,15.33910012
130,004/3669.png,4,(4-6),(4-6),15.2169807,0.01350522,15.23048592
131,027/5354.png,27,(25-32),(4-6),15.00401473,0.015987635,15.02000237
132,053/188.png,53,(48-53),(38-43),13.43172812,0.013987064,13.44571519
133,001/5377.png,1,(0-2),(0-2),12.91980386,0.01336956,12.93317342
134,002/25.png,2,(0-2),(0-2),13.25857425,0.015008926,13.27358317
135,008/2031.png,8,(8-12),(4-6),13.13720989,0.015026808,13.1522367
136,038/5750.png,38,(38-43),(25-32),13.70708108,0.016130686,13.72321177
137,018/8842.png,18,(15-20),(8-12),13.91309738,0.017379999,13.93047738
138,068/8247.png,68,(60-100),(38-43),14.13621521,0.020593882,14.15680909
139,018/1808.png,18,(15-20),(25-32),14.09672713,0.01447463,14.11120176
140,002/136.png,2,(0-2),(0-2),13.96222878,0.016545534,13.97877431
141,018/6053.png,18,(15-20),(8-12),14.32416153,0.013827085,14.33798862
142,015/3801.png,15,(15-20),(4-6),14.18466353,0.014856339,14.19951987
143,002/2995.png,2,(0-2),(4-6),14.28412104,0.01492238,14.29904342
144,048/5955.png,48,(48-53),(48-53),14.40183878,0.012912989,14.41475177
145,090/6878.png,90,(60-100),(15-20),13.66719246,0.014008284,13.68120074
146,008/7235.png,8,(8-12),(4-6),13.86507463,0.013495684,13.87857032
147,001/5399.png,1,(0-2),(0-2),14.72805381,0.015990973,14.74404478
148,051/7327.png,51,(48-53),(4-6),13.99607372,0.015487909,14.01156163
149,009/757.png,9,(8-12),(8-12),13.67093396,0.014585733,13.6855197
150,032/285.png,32,(25-32),(4-6),14.01018715,0.013452053,14.0236392
151,004/9512.png,4,(4-6),(25-32),14.42439961,0.014774323,14.43917394
152,040/351.png,40,(38-43),(8-12),13.84360456,0.013602257,13.85720682
153,005/7579.png,5,(4-6),(4-6),14.38413119,0.016032219,14.40016341
154,070/8139.png,70,(60-100),(60-100),14.42060852,0.014476061,14.43508458
155,051/5624.png,51,(48-53),(38-43),14.84786701,0.012999058,14.86086607
156,075/3296.png,75,(60-100),(25-32),15.30200458,0.012480736,15.31448531
157,050/8277.png,50,(48-53),(38-43),13.81709647,0.013531685,13.83062816
158,017/3585.png,17,(15-20),(25-32),13.49843955,0.015012264,13.51345181
159,002/1317.png,2,(0-2),(0-2),13.25797415,0.017090082,13.27506423
160,025/6787.png,25,(25-32),(25-32),14.383044,0.017022848,14.40006685
161,067/4533.png,67,(60-100),(4-6),14.50328827,0.015475988,14.51876426
162,026/6683.png,26,(25-32),(4-6),13.42557812,0.020507336,13.44608545
163,026/2804.png,26,(25-32),(25-32),14.45701146,0.016503572,14.47351503
164,001/9206.png,1,(0-2),(0-2),14.05962396,0.014642477,14.07426643
165,008/7966.png,8,(8-12),(25-32),13.05522633,0.01347518,13.06870151
166,001/5150.png,1,(0-2),(8-12),13.32284212,0.013683081,13.3365252
167,066/1744.png,66,(60-100),(4-6),13.38788939,0.013564587,13.40145397
168,050/7748.png,50,(48-53),(25-32),13.42187309,0.014984846,13.43685794
169,069/1640.png,69,(60-100),(25-32),13.36281013,0.017016888,13.37982702
170,073/1631.png,73,(60-100),(25-32),13.26941419,0.014019966,13.28343415
171,077/9038.png,77,(60-100),(4-6),13.19045067,0.01350069,13.20395136
172,006/8431.png,6,(4-6),(4-6),13.36187387,0.015510082,13.37738395
173,084/1441.png,84,(60-100),(0-2),15.35936761,0.026509762,15.38587737
174,006/6173.png,6,(4-6),(8-12),14.2569654,0.014058828,14.27102423
175,002/579.png,2,(0-2),(4-6),14.37843752,0.014429808,14.39286733
176,038/8850.png,38,(38-43),(25-32),15.98018503,0.013364315,15.99354935
177,028/2135.png,28,(25-32),(25-32),13.02066493,0.014017344,13.03468227
178,002/5163.png,2,(0-2),(0-2),13.53762388,0.014505386,13.55212927
179,070/4039.png,70,(60-100),(25-32),14.81192207,0.018942118,14.83086419
180,001/2401.png,1,(0-2),(0-2),13.81939006,0.014469862,13.83385992
181,012/1249.png,12,(8-12),(25-32),16.18853354,0.021110773,16.20964432
182,039/4548.png,39,(38-43),(0-2),15.26340461,0.014154434,15.27755904
183,032/9432.png,32,(25-32),(4-6),16.9259088,0.014477491,16.9403863
184,001/9281.png,1,(0-2),(0-2),15.16796398,0.013685703,15.18164968
185,025/5052.png,25,(25-32),(38-43),15.00423241,0.018031359,15.02226377
186,008/5011.png,8,(8-12),(4-6),14.2859726,0.013473988,14.29944658
187,012/72.png,12,(8-12),(4-6),13.65055656,0.017472029,13.66802859
188,085/5969.png,85,(60-100),(25-32),13.14286256,0.015045643,13.1579082
189,020/8157.png,20,(15-20),(25-32),13.47137642,0.014565706,13.48594213
190,001/4472.png,1,(0-2),(0-2),14.22952676,0.015239954,14.24476671
191,016/2037.png,16,(15-20),(25-32),13.88310862,0.0149858,13.89809442
192,002/636.png,2,(0-2),(4-6),13.93443108,0.017271519,13.95170259
193,025/9661.png,25,(25-32),(25-32),14.1017108,0.013679504,14.1153903
194,002/5544.png,2,(0-2),(0-2),13.87197685,0.015923738,13.88790059
195,027/9337.png,27,(25-32),(25-32),13.59411073,0.01352191,13.60763264
196,061/6006.png,61,(60-100),(38-43),14.6997726,0.015751123,14.71552372
197,027/58.png,27,(25-32),(8-12),14.24720573,0.017533541,14.26473927
198,002/1060.png,2,(0-2),(0-2),13.48060179,0.014178991,13.49478078
199,060/8160.png,60,(60-100),(25-32),16.52518511,0.018000841,16.54318595
200,032/7525.png,32,(25-32),(0-2),16.38119149,0.022039413,16.40323091
201,086/1754.png,86,(60-100),(25-32),16.02414751,0.015994072,16.04014158
202,029/6375.png,29,(25-32),(25-32),14.06643915,0.014556885,14.08099604
203,025/4604.png,25,(25-32),(25-32),13.74498534,0.015021801,13.76000714
204,030/4383.png,30,(25-32),(8-12),13.04763699,0.014306068,13.06194305
205,002/6741.png,2,(0-2),(0-2),12.85092926,0.013062239,12.8639915
206,071/3952.png,71,(60-100),(0-2),14.24436784,0.014474154,14.25884199
207,017/9465.png,17,(15-20),(25-32),12.86251068,0.014503241,12.87701392
208,018/1527.png,18,(15-20),(25-32),12.89996076,0.013057947,12.9130187
209,001/1994.png,1,(0-2),(0-2),13.18694329,0.014986753,13.20193005
210,062/9497.png,62,(60-100),(8-12),13.08970642,0.012476444,13.10218287
211,031/8598.png,31,(25-32),(8-12),13.11861062,0.014004946,13.13261557
212,052/1711.png,52,(48-53),(25-32),12.79132557,0.014012098,12.80533767
213,012/4874.png,12,(8-12),(4-6),13.17763519,0.014209986,13.19184518
214,009/2701.png,9,(8-12),(8-12),12.91957188,0.013492823,12.9330647
215,053/7153.png,53,(48-53),(8-12),12.73759103,0.013993025,12.75158405
216,019/1824.png,19,(15-20),(25-32),13.04133105,0.01252079,13.05385184
217,006/9273.png,6,(4-6),(8-12),12.8231957,0.013521433,12.83671713
218,001/8525.png,1,(0-2),(0-2),13.22211909,0.013022184,13.23514128
219,031/1669.png,31,(25-32),(4-6),12.87587976,0.013464451,12.88934422
220,019/1930.png,19,(15-20),(25-32),12.83236504,0.013957262,12.8463223
221,050/6167.png,50,(48-53),(4-6),12.82067442,0.014435768,12.83511019
222,008/4163.png,8,(8-12),(8-12),13.13138485,0.014500141,13.14588499
223,049/4887.png,49,(48-53),(25-32),12.93735647,0.013502598,12.95085907
224,052/5927.png,52,(48-53),(38-43),13.09192729,0.016007185,13.10793447
225,038/7146.png,38,(38-43),(25-32),12.88372278,0.014346838,12.89806962
226,008/2218.png,8,(8-12),(4-6),12.71280146,0.014585018,12.72738647
227,015/1078.png,15,(15-20),(15-20),12.84979725,0.014472008,12.86426926
228,075/4831.png,75,(60-100),(48-53),12.75705552,0.012683392,12.76973891
229,068/8939.png,68,(60-100),(25-32),13.42519498,0.018028021,13.443223
230,012/9490.png,12,(8-12),(8-12),13.1372571,0.011507034,13.14876413
231,026/4369.png,26,(25-32),(25-32),12.86716342,0.014012098,12.88117552
232,051/1460.png,51,(48-53),(25-32),12.88585353,0.015037775,12.9008913
233,072/2859.png,72,(60-100),(25-32),12.72503591,0.014005184,12.73904109
234,001/6998.png,1,(0-2),(0-2),13.2250917,0.013497353,13.23858905
235,001/2940.png,1,(0-2),(0-2),12.81966591,0.010990143,12.83065605
236,006/3247.png,6,(4-6),(25-32),13.06672645,0.0119946,13.07872105
237,001/1371.png,1,(0-2),(0-2),12.86984515,0.01401639,12.88386154
238,061/26.png,61,(60-100),(25-32),13.42974663,0.01352644,13.44327307
239,001/2658.png,1,(0-2),(0-2),13.22216988,0.012688398,13.23485827
240,026/6277.png,26,(25-32),(4-6),13.12836456,0.013997793,13.14236236
241,005/4820.png,5,(4-6),(4-6),13.36677408,0.013012409,13.37978649
242,001/7495.png,1,(0-2),(4-6),13.64106798,0.013484955,13.65455294
243,001/2291.png,1,(0-2),(0-2),13.30490923,0.014587402,13.31949663
244,004/4477.png,4,(4-6),(4-6),13.32234836,0.01317668,13.33552504
245,006/1150.png,6,(4-6),(4-6),13.03106165,0.013509274,13.04457092
246,065/5650.png,65,(60-100),(25-32),13.06043053,0.013541937,13.07397246
247,012/3373.png,12,(8-12),(0-2),13.04333067,0.014491081,13.05782175
248,009/628.png,9,(8-12),(25-32),12.92237496,0.01402545,12.93640041
249,008/2558.png,8,(8-12),(8-12),12.63360119,0.014105558,12.64770675
250,069/5306.png,69,(60-100),(25-32),12.91418409,0.013379335,12.92756343
251,090/6575.png,90,(60-100),(4-6),12.78059196,0.013958931,12.7945509
252,002/829.png,2,(0-2),(0-2),12.82259417,0.014713287,12.83730745
253,012/2968.png,12,(8-12),(25-32),12.71998096,0.012949705,12.73293066
254,008/1309.png,8,(8-12),(48-53),12.66662812,0.011660099,12.67828822
255,072/9090.png,72,(60-100),(25-32),12.87680674,0.013501644,12.89030838
256,002/7296.png,2,(0-2),(0-2),13.04342461,0.013433695,13.0568583
257,005/5998.png,5,(4-6),(0-2),12.83950138,0.011745691,12.85124707
258,060/5788.png,60,(60-100),(25-32),12.63109112,0.012031794,12.64312291
259,085/3123.png,85,(60-100),(38-43),12.84316111,0.013999939,12.85716105
260,001/4005.png,1,(0-2),(0-2),12.72960877,0.013955116,12.74356389
261,040/120.png,40,(38-43),(0-2),12.97747326,0.015968323,12.99344158
262,031/414.png,31,(25-32),(25-32),12.82597876,0.011581421,12.83756018
263,002/9231.png,2,(0-2),(0-2),12.75719619,0.013044596,12.77024078
264,030/9394.png,30,(25-32),(25-32),12.91386175,0.014015675,12.92787743
265,026/5688.png,26,(25-32),(25-32),12.6340909,0.011488914,12.64557981
266,002/5942.png,2,(0-2),(0-2),12.80857825,0.013891697,12.82246995
267,029/4992.png,29,(25-32),(38-43),12.77032518,0.014546156,12.78487134
268,002/1600.png,2,(0-2),(4-6),12.76747203,0.013280869,12.7807529
269,026/649.png,26,(25-32),(25-32),12.99690151,0.013002157,13.00990367
270,038/6312.png,38,(38-43),(8-12),12.92334414,0.016037941,12.93938208
271,012/4873.png,12,(8-12),(25-32),12.98521781,0.013485432,12.99870324
272,025/3877.png,25,(25-32),(25-32),12.79351211,0.011483669,12.80499578
273,026/6246.png,26,(25-32),(4-6),12.71641779,0.013622522,12.73004031
274,015/8898.png,15,(15-20),(25-32),13.05989218,0.013016462,13.07290864
275,001/4899.png,1,(0-2),(0-2),12.71845174,0.014006376,12.73245811
276,031/4243.png,31,(25-32),(4-6),12.81620812,0.014097691,12.83030581
277,001/2431.png,1,(0-2),(0-2),12.86340785,0.013014555,12.87642241
278,040/1201.png,40,(38-43),(0-2),12.78712893,0.013513327,12.80064225
279,008/6.png,8,(8-12),(0-2),12.68106771,0.013477087,12.69454479
280,005/42.png,5,(4-6),(4-6),12.75680947,0.014494896,12.77130437
281,038/11.png,38,(38-43),(38-43),12.80174661,0.013711452,12.81545806
282,001/8540.png,1,(0-2),(0-2),12.73183513,0.017580032,12.74941516
283,068/4189.png,68,(60-100),(38-43),12.83648944,0.011757374,12.84824681
284,001/4882.png,1,(0-2),(0-2),12.60982299,0.013001442,12.62282443
285,009/3375.png,9,(8-12),(0-2),12.84276652,0.012938738,12.85570526
286,010/1751.png,10,(8-12),(4-6),12.64884877,0.013512135,12.66236091
287,001/1573.png,1,(0-2),(0-2),12.73818541,0.014017105,12.75220251
288,010/8919.png,10,(8-12),(8-12),12.8548975,0.013493299,12.8683908
289,001/3784.png,1,(0-2),(4-6),12.67983818,0.012476683,12.69231486
290,001/4930.png,1,(0-2),(0-2),13.07854462,0.013558149,13.09210277
291,050/7035.png,50,(48-53),(25-32),12.83810377,0.012770891,12.85087466
292,008/9660.png,8,(8-12),(25-32),12.78923106,0.01390481,12.80313587
293,040/6551.png,40,(38-43),(0-2),12.73358727,0.014276266,12.74786353
294,001/5020.png,1,(0-2),(0-2),12.74675894,0.011487722,12.75824666
295,018/9548.png,18,(15-20),(25-32),12.66788864,0.014384747,12.68227339
296,039/5173.png,39,(38-43),(38-43),12.70605469,0.011502504,12.71755719
297,052/6023.png,52,(48-53),(25-32),12.82593036,0.011481762,12.83741212
298,031/2308.png,31,(25-32),(25-32),12.86224556,0.014013767,12.87625933
299,004/5681.png,4,(4-6),(0-2),13.03645182,0.014010429,13.05046225
300,001/503.png,1,(0-2),(0-2),12.7683773,0.012085199,12.7804625
301,012/2201.png,12,(8-12),(25-32),12.82384968,0.013053179,12.83690286
302,060/8701.png,60,(60-100),(4-6),12.77715588,0.014511824,12.7916677
303,026/2323.png,26,(25-32),(25-32),12.70574617,0.012880087,12.71862626
304,006/7893.png,6,(4-6),(0-2),12.77930927,0.012479305,12.79178858
305,090/7850.png,90,(60-100),(25-32),12.67712522,0.013051987,12.6901772
306,027/433.png,27,(25-32),(25-32),12.7713995,0.013506651,12.78490615
307,001/848.png,1,(0-2),(0-2),12.71418357,0.013018847,12.72720242
308,009/9309.png,9,(8-12),(0-2),12.69124889,0.012789488,12.70403838
309,039/3907.png,39,(38-43),(25-32),12.79545283,0.013500214,12.80895305
310,002/5523.png,2,(0-2),(0-2),12.67562413,0.013937235,12.68956137
311,025/6427.png,25,(25-32),(25-32),12.91225696,0.012449741,12.9247067
312,001/6013.png,1,(0-2),(0-2),12.62652659,0.012916565,12.63944316
313,002/2491.png,2,(0-2),(4-6),12.85171056,0.013141394,12.86485195
314,001/5456.png,1,(0-2),(0-2),12.66361094,0.013480663,12.6770916
315,005/8605.png,5,(4-6),(8-12),12.72907853,0.014464378,12.74354291
316,031/6529.png,31,(25-32),(25-32),12.87398934,0.013021946,12.88701129
317,016/8457.png,16,(15-20),(4-6),12.87784362,0.014530897,12.89237452
318,001/8077.png,1,(0-2),(4-6),12.96708322,0.011481285,12.9785645
319,026/5353.png,26,(25-32),(25-32),12.68276238,0.013880014,12.6966424
320,001/7770.png,1,(0-2),(0-2),12.90133905,0.012999296,12.91433835
321,002/1246.png,2,(0-2),(0-2),12.91782928,0.013038635,12.93086791
322,015/347.png,15,(15-20),(25-32),12.766572,0.013524055,12.78009605
323,001/3894.png,1,(0-2),(0-2),12.76376438,0.013021469,12.77678585
324,006/295.png,6,(4-6),(4-6),12.67701364,0.013503551,12.69051719
325,008/4750.png,8,(8-12),(8-12),12.7363174,0.012473583,12.74879098
326,040/2361.png,40,(38-43),(4-6),12.72275424,0.011626244,12.73438048
327,010/1377.png,10,(8-12),(4-6),12.73192906,0.014481544,12.74641061
328,096/2665.png,96,(60-100),(48-53),12.69495344,0.012720108,12.70767355
329,012/3620.png,12,(8-12),(4-6),12.73047304,0.013719559,12.7441926
330,060/3139.png,60,(60-100),(25-32),12.73429561,0.017520189,12.7518158
331,029/91.png,29,(25-32),(25-32),12.96111727,0.013499975,12.97461724
332,030/6943.png,30,(25-32),(25-32),13.22508097,0.013779402,13.23886037
333,025/1378.png,25,(25-32),(38-43),13.13418078,0.013178825,13.14735961
334,011/8473.png,11,(8-12),(4-6),13.13366866,0.014801502,13.14847016
335,001/5316.png,1,(0-2),(4-6),13.15994072,0.014016867,13.17395759
336,025/4126.png,25,(25-32),(25-32),13.15239811,0.014991283,13.16738939
337,015/3464.png,15,(15-20),(4-6),13.16501212,0.012065411,13.17707753
338,002/2988.png,2,(0-2),(4-6),13.13590837,0.013479471,13.14938784
339,090/6024.png,90,(60-100),(0-2),12.92669988,0.014035463,12.94073534
340,041/2062.png,41,(38-43),(25-32),13.00823021,0.01307416,13.02130437
341,027/3758.png,27,(25-32),(8-12),12.99441886,0.012369156,13.00678802
342,053/2189.png,53,(48-53),(25-32),12.59929132,0.014491558,12.61378288
343,063/6220.png,63,(60-100),(38-43),12.82389045,0.01347518,12.83736563
344,039/8248.png,39,(38-43),(4-6),12.69378233,0.012635708,12.70641804
345,002/8500.png,2,(0-2),(4-6),12.61523247,0.012504101,12.62773657
346,062/7140.png,62,(60-100),(0-2),12.81748438,0.013895273,12.83137965
347,008/8020.png,8,(8-12),(25-32),12.75637937,0.012294292,12.76867366
348,005/6891.png,5,(4-6),(4-6),12.81329751,0.015109301,12.82840681
349,001/5110.png,1,(0-2),(4-6),12.71485209,0.014672279,12.72952437
350,009/1793.png,9,(8-12),(0-2),12.67594409,0.014062405,12.69000649
351,010/6039.png,10,(8-12),(4-6),12.83690238,0.012481928,12.84938431
352,067/291.png,67,(60-100),(38-43),12.62595963,0.013742447,12.63970208
353,001/2834.png,1,(0-2),(0-2),12.84206414,0.012546301,12.85461044
354,018/3519.png,18,(15-20),(4-6),12.74013615,0.013696909,12.75383306
355,027/7638.png,27,(25-32),(8-12),12.74540424,0.013010979,12.75841522
356,001/6634.png,1,(0-2),(0-2),12.67458439,0.014009953,12.68859434
357,040/3393.png,40,(38-43),(25-32),12.70275021,0.013511181,12.71626139
358,029/5930.png,29,(25-32),(4-6),12.7226615,0.013527393,12.73618889
359,002/3366.png,2,(0-2),(0-2),12.78384852,0.017022848,12.80087137
360,062/6697.png,62,(60-100),(25-32),12.77268577,0.012498617,12.78518438
361,031/2396.png,31,(25-32),(8-12),12.80119777,0.013499022,12.81469679
362,080/5432.png,80,(60-100),(48-53),12.93624306,0.013490915,12.94973397
363,062/1263.png,62,(60-100),(4-6),12.75217938,0.011037827,12.76321721
364,060/4785.png,60,(60-100),(4-6),12.73807693,0.014018774,12.7520957
365,001/8548.png,1,(0-2),(25-32),12.73772645,0.014093399,12.75181985
366,031/4178.png,31,(25-32),(25-32),12.6397543,0.01601553,12.65576982
367,029/5918.png,29,(25-32),(25-32),12.76148295,0.012512922,12.77399588
368,042/7857.png,42,(38-43),(4-6),12.77277303,0.014019012,12.78679204
369,010/9496.png,10,(8-12),(4-6),13.0398128,0.013076067,13.05288887
370,001/6742.png,1,(0-2),(0-2),12.70355225,0.013231516,12.71678376
371,064/1456.png,64,(60-100),(38-43),12.81128931,0.014005899,12.82529521
372,010/8062.png,10,(8-12),(25-32),12.73291016,0.012519836,12.74542999
373,001/8521.png,1,(0-2),(4-6),12.78358507,0.012806177,12.79639125
374,001/2571.png,1,(0-2),(0-2),12.77229261,0.01099205,12.78328466
375,027/3842.png,27,(25-32),(25-32),12.64436936,0.014366627,12.65873599
376,002/4628.png,2,(0-2),(0-2),12.83982015,0.013568878,12.85338902
377,053/5519.png,53,(48-53),(38-43),12.68774581,0.015074492,12.7028203
378,066/6206.png,66,(60-100),(25-32),12.78868079,0.013014793,12.80169559
379,001/9314.png,1,(0-2),(4-6),12.81854939,0.010752439,12.82930183
380,042/4004.png,42,(38-43),(25-32),12.6311295,0.013060093,12.6441896
381,001/3850.png,1,(0-2),(0-2),12.94354677,0.014056444,12.95760322
382,006/3477.png,6,(4-6),(4-6),12.73425961,0.012486219,12.74674582
383,010/3268.png,10,(8-12),(25-32),13.02047396,0.013226032,13.03369999
384,085/1054.png,85,(60-100),(48-53),12.81539631,0.011497736,12.82689404
385,008/8168.png,8,(8-12),(25-32),12.59723067,0.014020443,12.61125112
386,004/2215.png,4,(4-6),(4-6),12.81721282,0.015049934,12.83226275
387,001/8142.png,1,(0-2),(0-2),12.73994541,0.01399684,12.75394225
388,015/1738.png,15,(15-20),(15-20),12.81898403,0.014130354,12.83311439
389,049/5980.png,49,(48-53),(25-32),12.66185808,0.013993979,12.67585206
390,004/5975.png,4,(4-6),(0-2),12.73292208,0.012940884,12.74586296
391,026/2239.png,26,(25-32),(25-32),12.853158,0.012618065,12.86577606
392,001/2404.png,1,(0-2),(0-2),12.75709891,0.015197992,12.77229691
393,010/7400.png,10,(8-12),(25-32),12.83772874,0.01499486,12.8527236
394,027/8199.png,27,(25-32),(4-6),12.69178557,0.013477564,12.70526314
395,030/5225.png,30,(25-32),(0-2),12.92288804,0.013898611,12.93678665
396,038/1688.png,38,(38-43),(38-43),12.79069161,0.012387753,12.80307937
397,001/7481.png,1,(0-2),(4-6),12.81106544,0.013482571,12.82454801
398,016/2287.png,16,(15-20),(25-32),12.71412945,0.012892723,12.72702217
399,026/6417.png,26,(25-32),(25-32),13.03151298,0.013548374,13.04506135
400,071/139.png,71,(60-100),(0-2),13.16335869,0.015032291,13.17839098
401,040/1366.png,40,(38-43),(8-12),13.25766635,0.014045238,13.27171159
402,005/3870.png,5,(4-6),(4-6),13.13528895,0.013494015,13.14878297
403,001/38.png,1,(0-2),(0-2),12.9151628,0.012520075,12.92768288
404,019/81.png,19,(15-20),(25-32),12.92717719,0.013999701,12.94117689
405,032/2869.png,32,(25-32),(25-32),13.00157881,0.015465021,13.01704383
406,010/9013.png,10,(8-12),(8-12),13.03119373,0.014055967,13.0452497
407,001/9526.png,1,(0-2),(0-2),12.87625217,0.014013767,12.89026594
408,002/6083.png,2,(0-2),(0-2),13.12903309,0.013030052,13.14206314
409,032/9550.png,32,(25-32),(4-6),12.81998086,0.012490511,12.83247137
410,048/7008.png,48,(48-53),(25-32),12.72205925,0.014518499,12.73657775
411,018/6808.png,18,(15-20),(4-6),13.50600958,0.013062,13.51907158
412,001/7843.png,1,(0-2),(4-6),12.82172918,0.013997316,12.8357265
413,001/6670.png,1,(0-2),(4-6),12.88401151,0.014471531,12.89848304
414,001/8123.png,1,(0-2),(0-2),12.88997293,0.011497736,12.90147066
415,005/7540.png,5,(4-6),(0-2),12.90910912,0.01477313,12.92388225
416,020/9617.png,20,(15-20),(8-12),12.9724257,0.014027357,12.98645306
417,053/1604.png,53,(48-53),(25-32),12.76970863,0.01535511,12.78506374
418,041/2164.png,41,(38-43),(8-12),13.10882378,0.01501441,13.12383819
419,015/4099.png,15,(15-20),(4-6),12.78657603,0.012701511,12.79927754
420,017/3710.png,17,(15-20),(4-6),12.92476559,0.013527393,12.93829298
421,001/8577.png,1,(0-2),(0-2),12.97155738,0.012480497,12.98403788
422,027/1660.png,27,(25-32),(4-6),12.93480492,0.013063669,12.94786859
423,039/6195.png,39,(38-43),(25-32),13.09234667,0.014021873,13.10636854
424,020/1250.png,20,(15-20),(8-12),13.14241385,0.014746428,13.15716028
425,008/1306.png,8,(8-12),(4-6),13.54798031,0.014005423,13.56198573
426,017/5475.png,17,(15-20),(15-20),12.84671998,0.012647867,12.85936785
427,001/4036.png,1,(0-2),(0-2),12.96941423,0.013669014,12.98308325
428,043/5764.png,43,(38-43),(25-32),12.89508796,0.012322903,12.90741086
429,075/5724.png,75,(60-100),(25-32),13.64417005,0.014476776,13.65864682
430,050/6593.png,50,(48-53),(25-32),13.4146409,0.013476372,13.42811728
431,052/9332.png,52,(48-53),(4-6),13.31425691,0.011507988,13.32576489
432,015/3212.png,15,(15-20),(25-32),13.07649255,0.014653444,13.09114599
433,052/3062.png,52,(48-53),(48-53),13.04761696,0.013667822,13.06128478
434,001/7048.png,1,(0-2),(0-2),12.96327329,0.012477875,12.97575116
435,006/4216.png,6,(4-6),(8-12),13.16512752,0.012485027,13.17761254
436,005/8620.png,5,(4-6),(4-6),12.95808935,0.015054464,12.97314382
437,031/7444.png,31,(25-32),(25-32),13.07253051,0.014061451,13.08659196
438,018/9114.png,18,(15-20),(4-6),13.09998107,0.013487339,13.11346841
439,018/5755.png,18,(15-20),(4-6),12.89544773,0.014490604,12.90993834
440,019/689.png,19,(15-20),(25-32),13.00287032,0.013110876,13.0159812
441,026/9366.png,26,(25-32),(8-12),13.00118995,0.011501312,13.01269126
442,049/2618.png,49,(48-53),(25-32),12.88541341,0.011904716,12.89731812
443,006/7195.png,6,(4-6),(25-32),12.99044275,0.01302743,13.00347018
444,069/7781.png,69,(60-100),(0-2),12.86019397,0.013985872,12.87417984
445,011/9516.png,11,(8-12),(25-32),13.34815264,0.012952566,13.3611052
446,018/5160.png,18,(15-20),(8-12),13.60726166,0.014566183,13.62182784
447,031/6424.png,31,(25-32),(15-20),13.41224337,0.013541937,13.4257853
448,048/4520.png,48,(48-53),(25-32),13.36012673,0.012479782,13.37260652
449,008/8607.png,8,(8-12),(25-32),13.43832731,0.014008284,13.4523356
450,063/2942.png,63,(60-100),(25-32),13.2641449,0.013060093,13.27720499
451,006/4413.png,6,(4-6),(8-12),13.57547331,0.013993263,13.58946657
452,016/4762.png,16,(15-20),(15-20),13.45287824,0.016036272,13.46891451
453,001/3090.png,1,(0-2),(0-2),13.21712422,0.011585712,13.22870994
454,001/1649.png,1,(0-2),(4-6),13.24506521,0.01449132,13.25955653
455,001/5819.png,1,(0-2),(0-2),12.97023988,0.01352787,12.98376775
456,025/2510.png,25,(25-32),(25-32),13.31663775,0.013478756,13.33011651
457,001/9505.png,1,(0-2),(4-6),13.10680699,0.013556719,13.12036371
458,002/914.png,2,(0-2),(0-2),12.97331238,0.013903856,12.98721623
459,005/2923.png,5,(4-6),(4-6),12.97231245,0.011481762,12.98379421
460,026/1723.png,26,(25-32),(25-32),12.81962943,0.012480021,12.83210945
461,029/1137.png,29,(25-32),(4-6),13.25921345,0.016666889,13.27588034
462,060/4910.png,60,(60-100),(25-32),12.99438477,0.010501862,13.00488663
463,001/9081.png,1,(0-2),(0-2),12.83937478,0.014174223,12.853549
464,009/6524.png,9,(8-12),(0-2),13.02461481,0.014079332,13.03869414
465,038/9199.png,38,(38-43),(25-32),12.79999757,0.015706539,12.81570411
466,009/1763.png,9,(8-12),(8-12),13.23820925,0.013528347,13.25173759
467,001/2601.png,1,(0-2),(0-2),12.91603303,0.015290022,12.93132305
468,028/6584.png,28,(25-32),(8-12),13.02265382,0.015989065,13.03864288
469,001/5342.png,1,(0-2),(0-2),12.85918951,0.015494347,12.87468386
470,025/282.png,25,(25-32),(25-32),12.84091187,0.012535572,12.85344744
471,065/7736.png,65,(60-100),(25-32),13.15662742,0.013572216,13.17019963
472,016/4272.png,16,(15-20),(4-6),12.86665273,0.010987759,12.87764049
473,019/9703.png,19,(15-20),(8-12),13.00716925,0.012090921,13.01926017
474,082/1951.png,82,(60-100),(0-2),13.26722932,0.013549089,13.28077841
475,050/54.png,50,(48-53),(38-43),13.2379353,0.013051033,13.25098634
476,074/767.png,74,(60-100),(15-20),12.87728381,0.014078617,12.89136243
477,002/9681.png,2,(0-2),(8-12),12.97141051,0.01403904,12.98544955
478,085/4839.png,85,(60-100),(0-2),12.96851349,0.014531136,12.98304462
479,002/8126.png,2,(0-2),(0-2),12.99582529,0.013014317,13.00883961
480,069/7613.png,69,(60-100),(25-32),13.00428057,0.012496471,13.01677704
481,048/4129.png,48,(48-53),(25-32),12.91720438,0.01350069,12.93070507
482,001/6285.png,1,(0-2),(0-2),13.08606625,0.015058279,13.10112453
483,025/5543.png,25,(25-32),(25-32),12.90392971,0.013523579,12.91745329
484,010/9567.png,10,(8-12),(0-2),12.98697019,0.014018059,13.00098825
485,019/6289.png,19,(15-20),(25-32),13.00924706,0.011481285,13.02072835
486,001/2170.png,1,(0-2),(4-6),12.89709735,0.013688564,12.91078591
487,052/4918.png,52,(48-53),(25-32),13.02015328,0.012125969,13.03227925
488,009/1877.png,9,(8-12),(25-32),12.80524611,0.013717651,12.81896377
489,002/1206.png,2,(0-2),(0-2),13.20660782,0.01347518,13.220083
490,009/2564.png,9,(8-12),(4-6),12.87698674,0.014009953,12.89099669
491,002/9263.png,2,(0-2),(4-6),12.99838352,0.013495445,13.01187897
492,001/2042.png,1,(0-2),(0-2),12.89785361,0.015451908,12.91330552
493,004/9095.png,4,(4-6),(4-6),12.96925569,0.012056589,12.98131227
494,001/9622.png,1,(0-2),(4-6),13.01203704,0.013067484,13.02510452
495,078/5541.png,78,(60-100),(4-6),13.24299693,0.015020132,13.25801706
496,076/1252.png,76,(60-100),(0-2),13.48156452,0.013517141,13.49508166
497,078/5546.png,78,(60-100),(25-32),13.71199346,0.015015841,13.7270093
498,080/3242.png,80,(60-100),(25-32),13.52578092,0.014054298,13.53983521
499,001/8674.png,1,(0-2),(0-2),13.30132794,0.013528109,13.31485605
500,002/6657.png,2,(0-2),(4-6),13.423877,0.014446259,13.43832326
501,006/3823.png,6,(4-6),(25-32),13.37370276,0.014027834,13.3877306
502,075/9574.png,75,(60-100),(4-6),13.34972382,0.013559341,13.36328316
503,028/3278.png,28,(25-32),(15-20),13.23979068,0.013502121,13.2532928
504,005/5103.png,5,(4-6),(25-32),12.96065092,0.012489796,12.97314072
505,075/2814.png,75,(60-100),(8-12),12.93132114,0.012996674,12.94431782
506,020/516.png,20,(15-20),(25-32),12.88785005,0.013988256,12.9018383
507,011/5439.png,11,(8-12),(4-6),13.29305172,0.013192654,13.30624437
508,004/6341.png,4,(4-6),(0-2),13.08967614,0.013219118,13.10289526
509,085/9632.png,85,(60-100),(0-2),12.91014385,0.011471987,12.92161584
510,080/9352.png,80,(60-100),(0-2),12.94401026,0.010993004,12.95500326
511,008/5957.png,8,(8-12),(4-6),13.11698484,0.013918638,13.13090348
512,001/8791.png,1,(0-2),(0-2),12.91546226,0.013487577,12.92894983
513,001/7501.png,1,(0-2),(0-2),12.64081669,0.013474226,12.65429091
514,011/3600.png,11,(8-12),(4-6),12.8053937,0.014476061,12.81986976
515,005/3601.png,5,(4-6),(8-12),12.69006157,0.012959003,12.70302057
516,065/774.png,65,(60-100),(4-6),12.8165834,0.013496637,12.83008003
517,085/3879.png,85,(60-100),(38-43),12.75299501,0.01404047,12.76703548
518,042/3249.png,42,(38-43),(25-32),12.71404147,0.016241789,12.73028326
519,076/8406.png,76,(60-100),(8-12),12.75546908,0.012500525,12.76796961
520,001/8651.png,1,(0-2),(0-2),12.66494131,0.012458563,12.67739987
521,006/580.png,6,(4-6),(8-12),13.28373742,0.014472008,13.29820943
522,068/3384.png,68,(60-100),(4-6),12.68619132,0.01349926,12.69969058
523,010/2256.png,10,(8-12),(8-12),12.75878072,0.0140481,12.77282882
524,078/6974.png,78,(60-100),(25-32),13.20503283,0.01347518,13.21850801
525,006/8755.png,6,(4-6),(4-6),12.96207643,0.013511181,12.97558761
526,002/8112.png,2,(0-2),(4-6),13.46283579,0.015506506,13.47834229
527,030/7020.png,30,(25-32),(25-32),12.7102232,0.012478352,12.72270155
528,001/8320.png,1,(0-2),(0-2),12.81271482,0.014506578,12.82722139
529,001/9330.png,1,(0-2),(0-2),12.89085317,0.014506578,12.90535975
530,043/2427.png,43,(38-43),(25-32),12.83844876,0.012465477,12.85091424
531,060/4850.png,60,(60-100),(4-6),12.84512305,0.01247406,12.85759711
532,050/2687.png,50,(48-53),(25-32),12.70653391,0.013486385,12.72002029
533,004/6411.png,4,(4-6),(4-6),12.98276138,0.013023138,12.99578452
534,004/9136.png,4,(4-6),(4-6),12.66081643,0.010391951,12.67120838
535,026/6084.png,26,(25-32),(25-32),13.00100923,0.014472246,13.01548147
536,025/2832.png,25,(25-32),(25-32),12.81894851,0.012480736,12.83142924
537,008/2559.png,8,(8-12),(0-2),12.77401209,0.01463151,12.7886436
538,072/9032.png,72,(60-100),(25-32),12.73617768,0.013968706,12.75014639
539,090/6014.png,90,(60-100),(0-2),12.6644733,0.01384449,12.67831779
540,028/9329.png,28,(25-32),(4-6),12.82901239,0.013867617,12.84288001
541,002/3428.png,2,(0-2),(0-2),12.78587985,0.013595343,12.79947519
542,080/7680.png,80,(60-100),(25-32),12.85066795,0.013492346,12.8641603
543,002/158.png,2,(0-2),(0-2),12.64789391,0.014166117,12.66206002
544,041/2530.png,41,(38-43),(15-20),12.6795032,0.011920452,12.69142365
545,062/7352.png,62,(60-100),(25-32),12.80755973,0.014456511,12.82201624
546,001/6314.png,1,(0-2),(4-6),12.7165246,0.014196157,12.73072076
547,001/5093.png,1,(0-2),(0-2),12.83071303,0.011499882,12.84221292
548,041/3502.png,41,(38-43),(4-6),12.6654923,0.013480663,12.67897296
549,072/3200.png,72,(60-100),(25-32),12.66547966,0.012631416,12.67811108
550,018/4098.png,18,(15-20),(25-32),12.83453584,0.013495922,12.84803176
551,001/166.png,1,(0-2),(0-2),12.85146189,0.01403904,12.86550093
552,008/3860.png,8,(8-12),(8-12),12.70974326,0.014501095,12.72424436
553,006/1236.png,6,(4-6),(4-6),12.658916,0.013725519,12.67264152
554,042/4055.png,42,(38-43),(8-12),12.82591963,0.012521982,12.83844161
555,028/444.png,28,(25-32),(25-32),12.68384171,0.013037205,12.69687891
556,064/4437.png,64,(60-100),(25-32),12.90499377,0.011387825,12.9163816
557,001/4125.png,1,(0-2),(0-2),12.64682508,0.012823582,12.65964866
558,068/1399.png,68,(60-100),(8-12),12.65144205,0.014028788,12.66547084
559,060/9326.png,60,(60-100),(25-32),12.89947629,0.013596535,12.91307282
560,001/1945.png,1,(0-2),(4-6),12.70701909,0.013535261,12.72055435
561,001/7475.png,1,(0-2),(0-2),13.00252485,0.01450038,13.01702523
562,001/5970.png,1,(0-2),(0-2),12.63414812,0.014015913,12.64816403
563,004/3465.png,4,(4-6),(4-6),12.85327983,0.013070107,12.86634994
564,001/423.png,1,(0-2),(4-6),12.56064582,0.015010357,12.57565618
565,053/1659.png,53,(48-53),(4-6),12.71733046,0.012504339,12.72983479
566,009/6506.png,9,(8-12),(4-6),12.8721981,0.014042616,12.88624072
567,060/2525.png,60,(60-100),(25-32),12.74945068,0.013617039,12.76306772
568,002/666.png,2,(0-2),(4-6),12.88889813,0.01199913,12.90089726
569,009/3125.png,9,(8-12),(4-6),12.77650213,0.011888027,12.78839016
570,060/3277.png,60,(60-100),(25-32),13.06129217,0.013883114,13.07517529
571,004/8436.png,4,(4-6),(0-2),13.05528736,0.01491642,13.07020378
572,065/6744.png,65,(60-100),(38-43),12.85829473,0.012972593,12.87126732
573,001/8732.png,1,(0-2),(0-2),12.80498743,0.012548447,12.81753588
574,016/7658.png,16,(15-20),(4-6),12.71123481,0.014013052,12.72524786
575,005/7744.png,5,(4-6),(4-6),12.8306663,0.012476206,12.84314251
576,075/9460.png,75,(60-100),(4-6),12.69191527,0.013445854,12.70536113
577,002/1168.png,2,(0-2),(4-6),13.06066823,0.014096498,13.07476473
578,053/266.png,53,(48-53),(4-6),12.77390528,0.01248455,12.78638983
579,002/8994.png,2,(0-2),(4-6),12.70986581,0.013474226,12.72334003
580,027/4583.png,27,(25-32),(8-12),12.78898406,0.013477325,12.80246139
581,025/5175.png,25,(25-32),(25-32),12.75172949,0.012475252,12.76420474
582,001/5289.png,1,(0-2),(4-6),12.8201201,0.013729572,12.83384967
583,042/3596.png,42,(38-43),(25-32),12.68948817,0.013477564,12.70296574
584,001/6486.png,1,(0-2),(4-6),12.81639075,0.013787031,12.83017778
585,001/7347.png,1,(0-2),(0-2),13.13667512,0.014039993,13.15071511
586,053/2676.png,53,(48-53),(38-43),13.21469259,0.013493538,13.22818613
587,048/5908.png,48,(48-53),(25-32),13.32128763,0.013032675,13.33432031
588,064/8244.png,64,(60-100),(25-32),13.29211497,0.013505936,13.30562091
589,031/4295.png,31,(25-32),(25-32),13.13715959,0.014988422,13.15214801
590,066/8378.png,66,(60-100),(25-32),13.3441658,0.014048338,13.35821414
591,039/798.png,39,(38-43),(4-6),13.16993618,0.013211012,13.18314719
592,050/6654.png,50,(48-53),(48-53),12.98750424,0.014579058,13.0020833
593,020/5593.png,20,(15-20),(8-12),13.03011775,0.013259649,13.0433774
594,026/5054.png,26,(25-32),(4-6),12.89610386,0.013921976,12.91002584
595,004/3623.png,4,(4-6),(4-6),13.08037424,0.013605833,13.09398007
596,001/2997.png,1,(0-2),(0-2),12.8602376,0.015256405,12.875494
597,025/8903.png,25,(25-32),(25-32),12.67109895,0.012958288,12.68405724
598,005/7948.png,5,(4-6),(4-6),12.740623,0.011499882,12.75212288
599,011/4912.png,11,(8-12),(25-32),12.6942873,0.012798548,12.70708585
600,001/411.png,1,(0-2),(0-2),12.75922561,0.014600754,12.77382636
601,061/7139.png,61,(60-100),(25-32),13.11081123,0.014189959,13.12500119
602,029/7912.png,29,(25-32),(25-32),12.81519699,0.015118599,12.83031559
603,093/2342.png,93,(60-100),(25-32),13.01491809,0.012598515,13.0275166
604,001/8088.png,1,(0-2),(0-2),12.77121258,0.014126539,12.78533912
605,002/826.png,2,(0-2),(0-2),12.80539608,0.017003298,12.82239938
606,006/8502.png,6,(4-6),(4-6),14.18073249,0.012481928,14.19321442
607,026/319.png,26,(25-32),(4-6),13.70313668,0.010633707,13.71377039
608,002/7295.png,2,(0-2),(4-6),13.57476926,0.011947155,13.58671641
609,075/5229.png,75,(60-100),(4-6),13.42261124,0.013003111,13.43561435
610,008/7390.png,8,(8-12),(4-6),14.73626542,0.012512207,14.74877763
611,001/1075.png,1,(0-2),(4-6),13.55725098,0.014018536,13.57126951
612,001/9457.png,1,(0-2),(4-6),12.16633129,0.012517929,12.17884922
613,029/9211.png,29,(25-32),(25-32),12.00898266,0.014163971,12.02314663
614,002/9216.png,2,(0-2),(0-2),12.98446679,0.010501862,12.99496865
615,050/4630.png,50,(48-53),(25-32),12.65708852,0.013002872,12.67009139
616,063/4035.png,63,(60-100),(38-43),12.33734322,0.012053728,12.34939694
617,001/9373.png,1,(0-2),(0-2),12.76741362,0.012053251,12.77946687
618,016/4360.png,16,(15-20),(0-2),12.93760324,0.011501789,12.94910502
619,001/7671.png,1,(0-2),(0-2),13.27275109,0.011478662,13.28422976
620,078/142.png,78,(60-100),(0-2),13.01106715,0.011478424,13.02254558
621,002/4600.png,2,(0-2),(0-2),12.75381827,0.014061451,12.76787972
622,002/8953.png,2,(0-2),(25-32),12.7721312,0.011692286,12.78382349
623,002/9720.png,2,(0-2),(0-2),12.24070549,0.009903908,12.2506094
624,001/3165.png,1,(0-2),(4-6),12.22670937,0.011520147,12.23822951
625,001/3016.png,1,(0-2),(0-2),12.57215834,0.013002872,12.58516121
626,001/3691.png,1,(0-2),(4-6),14.01928139,0.011973143,14.03125453
627,053/6120.png,53,(48-53),(38-43),13.43963027,0.012966394,13.45259666
628,027/8995.png,27,(25-32),(25-32),12.78701472,0.012967587,12.79998231
629,016/3302.png,16,(15-20),(4-6),11.87548208,0.012967348,11.88844943
630,012/512.png,12,(8-12),(4-6),11.89241934,0.013962746,11.90638208
631,002/5333.png,2,(0-2),(4-6),12.03599167,0.012966156,12.04895782
632,052/6752.png,52,(48-53),(25-32),11.72739172,0.011484385,11.7388761
633,010/3342.png,10,(8-12),(8-12),11.83710289,0.008952618,11.84605551
634,001/9154.png,1,(0-2),(0-2),11.77697301,0.010973454,11.78794646
635,026/9202.png,26,(25-32),(25-32),12.11365604,0.012966394,12.12662244
636,052/6331.png,52,(48-53),(8-12),12.03237033,0.011948109,12.04431844
637,002/922.png,2,(0-2),(4-6),12.52491355,0.011968136,12.53688169
638,092/202.png,92,(60-100),(0-2),13.63389158,0.012974262,13.64686584
639,048/8215.png,48,(48-53),(25-32),13.2025547,0.012969732,13.21552444
640,050/6479.png,50,(48-53),(0-2),13.60317135,0.010974884,13.61414623
641,031/1447.png,31,(25-32),(4-6),13.18465829,0.010973215,13.1956315
642,062/2179.png,62,(60-100),(25-32),14.24813914,0.01197052,14.26010966
643,065/6380.png,65,(60-100),(38-43),15.30226088,0.011970043,15.31423092
644,015/7902.png,15,(15-20),(8-12),14.38674164,0.010503054,14.39724469
645,053/9445.png,53,(48-53),(38-43),12.75242424,0.013660192,12.76608443
646,053/9635.png,53,(48-53),(25-32),11.60363817,0.010480404,11.61411858
647,011/4215.png,11,(8-12),(25-32),12.34074259,0.01499176,12.35573435
648,008/4288.png,8,(8-12),(0-2),12.28545332,0.017403841,12.30285716
649,070/9477.png,70,(60-100),(0-2),11.89638424,0.012999058,11.9093833
650,026/103.png,26,(25-32),(4-6),11.98531556,0.013044119,11.99835968
651,040/3265.png,40,(38-43),(25-32),11.86881471,0.011489153,11.88030386
652,052/2209.png,52,(48-53),(4-6),11.90088844,0.013009787,11.91389823
653,011/986.png,11,(8-12),(4-6),11.67250943,0.015025377,11.68753481
654,048/3453.png,48,(48-53),(25-32),12.56847525,0.010497332,12.57897258
655,039/2511.png,39,(38-43),(25-32),12.09772539,0.012907267,12.11063266
656,018/3000.png,18,(15-20),(0-2),12.37261224,0.012965202,12.38557744
657,042/5973.png,42,(38-43),(25-32),12.04944634,0.010972261,12.06041861
658,080/7123.png,80,(60-100),(25-32),11.87936258,0.015035391,11.89439797
659,009/2040.png,9,(8-12),(25-32),13.30026817,0.013964891,13.31423306
660,043/7932.png,43,(38-43),(4-6),12.10432935,0.012968302,12.11729765
661,010/6757.png,10,(8-12),(25-32),12.01920462,0.010980129,12.03018475
662,028/5521.png,28,(25-32),(25-32),11.94723797,0.013962984,11.96120095
663,050/9009.png,50,(48-53),(25-32),12.68230724,0.011969566,12.69427681
664,006/246.png,6,(4-6),(25-32),12.66927505,0.011969328,12.68124437
665,065/6853.png,65,(60-100),(38-43),11.86883593,0.012966633,11.88180256
666,004/2979.png,4,(4-6),(4-6),12.5155623,0.012968302,12.5285306
667,016/9424.png,16,(15-20),(0-2),12.07579017,0.01196909,12.08775926
668,012/193.png,12,(8-12),(4-6),11.971807,0.012037992,11.983845
669,001/5195.png,1,(0-2),(4-6),11.7794745,0.010984659,11.79045916
670,004/7911.png,4,(4-6),(4-6),12.15737152,0.012965441,12.17033696
671,002/6037.png,2,(0-2),(4-6),11.83466125,0.009976864,11.84463811
672,020/9237.png,20,(15-20),(25-32),11.87630939,0.00997138,11.88628078
673,004/1403.png,4,(4-6),(8-12),12.02919888,0.011481524,12.04068041
674,001/2774.png,1,(0-2),(0-2),14.57617354,0.027509212,14.60368276
675,029/8545.png,29,(25-32),(25-32),13.88450599,0.013018847,13.89752483
676,039/6666.png,39,(38-43),(4-6),12.05231333,0.01159215,12.06390548
677,001/3880.png,1,(0-2),(4-6),12.44808364,0.014475107,12.46255875
678,016/2768.png,16,(15-20),(4-6),12.72124505,0.011534929,12.73277998
679,008/3659.png,8,(8-12),(8-12),12.04234624,0.013473749,12.05581999
680,052/4859.png,52,(48-53),(48-53),11.98479939,0.011670828,11.99647021
681,002/2599.png,2,(0-2),(25-32),12.13447523,0.013825655,12.14830089
682,002/1074.png,2,(0-2),(4-6),12.64265394,0.015516758,12.6581707
683,063/7230.png,63,(60-100),(25-32),12.37107563,0.01496911,12.38604474
684,042/7440.png,42,(38-43),(25-32),12.26301193,0.010485411,12.27349734
685,015/61.png,15,(15-20),(8-12),12.10799956,0.011479139,12.1194787
686,020/51.png,20,(15-20),(25-32),12.65397644,0.011487484,12.66546392
687,008/975.png,8,(8-12),(25-32),12.1270864,0.010007143,12.13709354
688,008/6639.png,8,(8-12),(25-32),12.08100367,0.012607098,12.09361076
689,010/7813.png,10,(8-12),(8-12),12.85706878,0.011550426,12.8686192
690,048/427.png,48,(48-53),(25-32),12.4484911,0.013999701,12.4624908
691,029/5204.png,29,(25-32),(4-6),12.34249115,0.01233983,12.35483098
692,001/1300.png,1,(0-2),(8-12),12.27509952,0.013508797,12.28860831
693,060/5357.png,60,(60-100),(25-32),12.28757668,0.01102376,12.29860044
694,051/4260.png,51,(48-53),(25-32),12.02973342,0.012000084,12.0417335
695,011/4455.png,11,(8-12),(25-32),11.83581209,0.011108398,11.84692049
696,019/275.png,19,(15-20),(4-6),11.90866637,0.01255393,11.9212203
697,060/3888.png,60,(60-100),(25-32),11.94183278,0.012467861,11.95430064
698,001/9692.png,1,(0-2),(0-2),12.31523442,0.013069391,12.32830381
699,001/7510.png,1,(0-2),(0-2),12.00453711,0.014003038,12.01854014
700,001/9701.png,1,(0-2),(4-6),12.91799688,0.013820171,12.93181705
701,002/6168.png,2,(0-2),(4-6),12.33382678,0.012491941,12.34631872
702,010/9751.png,10,(8-12),(0-2),11.92473197,0.011470079,11.93620205
703,072/3562.png,72,(60-100),(38-43),11.66035867,0.009494781,11.66985345
704,072/3616.png,72,(60-100),(38-43),11.78232288,0.012499571,11.79482245
705,001/2076.png,1,(0-2),(0-2),11.90186548,0.01050663,11.91237211
706,027/8666.png,27,(25-32),(25-32),12.00368214,0.011496305,12.01517844
707,053/9404.png,53,(48-53),(25-32),11.88991547,0.010607004,11.90052247
708,001/7928.png,1,(0-2),(0-2),12.49600434,0.015014648,12.51101899
709,031/6731.png,31,(25-32),(25-32),12.11994696,0.014471054,12.13441801
710,004/688.png,4,(4-6),(4-6),12.04414916,0.01350069,12.05764985
711,001/6623.png,1,(0-2),(0-2),12.22888064,0.010482788,12.23936343
712,001/7001.png,1,(0-2),(0-2),12.11009955,0.012475252,12.12257481
713,001/1423.png,1,(0-2),(0-2),12.67379975,0.018001556,12.69180131
714,027/4573.png,27,(25-32),(38-43),12.6128149,0.013109207,12.62592411
715,001/908.png,1,(0-2),(0-2),12.41800976,0.011497498,12.42950726
716,001/7109.png,1,(0-2),(4-6),13.55351162,0.012478352,13.56598997
717,002/6487.png,2,(0-2),(0-2),12.28007841,0.012723446,12.29280186
718,067/7293.png,67,(60-100),(0-2),12.31929851,0.013959885,12.33325839
719,029/845.png,29,(25-32),(25-32),12.75722504,0.010576487,12.76780152
720,004/3608.png,4,(4-6),(4-6),12.53756404,0.016996861,12.5545609
721,052/1459.png,52,(48-53),(25-32),13.28319502,0.013511658,13.29670668
722,032/5536.png,32,(25-32),(4-6),12.42086339,0.011992693,12.43285608
723,006/5835.png,6,(4-6),(0-2),11.70451999,0.010432482,11.71495247
724,075/1123.png,75,(60-100),(38-43),11.94132185,0.011501074,11.95282292
725,005/6672.png,5,(4-6),(4-6),12.51860595,0.012533188,12.53113914
726,006/1996.png,6,(4-6),(25-32),12.78209066,0.012989521,12.79508018
727,001/3116.png,1,(0-2),(4-6),12.04807377,0.012901306,12.06097507
728,001/991.png,1,(0-2),(0-2),11.95583081,0.01199007,11.96782088
0,004/3857.png,4,(4-6),(0-2),14.810042381286621,0.04526638984680176,14.855308771133423
0,028/3853.png,28,(25-32),(25-32),14.672821760177612,0.017562150955200195,14.690383911132812
